<?xml version="1.0" encoding="UTF-8"?>
<project-private xmlns="http://www.netbeans.org/ns/project-private/1">
    <editor-bookmarks xmlns="http://www.netbeans.org/ns/editor-bookmarks/2" lastBookmarkId="0"/>
    <open-files xmlns="http://www.netbeans.org/ns/projectui-open-files/2">
        <group>
            <file>file:/C:/Users/keert/OneDrive/Desktop/Rehab_Facility%20(6)/Rehab_Facility/src/Business/Organization/AdminOrganization.java</file>
            <file>file:/C:/Users/keert/OneDrive/Desktop/Rehab_Facility%20(6)/Rehab_Facility/src/UserInterface/TherapistRole/ManageProblemJPanel.java</file>
            <file>file:/C:/Users/keert/OneDrive/Desktop/Rehab_Facility%20(6)/Rehab_Facility/src/UserInterface/NPOTherapist/ManageNPOProblemJPanel.java</file>
            <file>file:/C:/Users/keert/OneDrive/Desktop/Rehab_Facility%20(6)/Rehab_Facility/src/UserInterface/TherapistAdminRole/ManageEmployeeJPanel.java</file>
            <file>file:/C:/Users/keert/OneDrive/Desktop/Rehab_Facility%20(6)/Rehab_Facility/src/Business/Problem/ProblemHistory.java</file>
            <file>file:/C:/Users/keert/OneDrive/Desktop/Rehab_Facility%20(6)/Rehab_Facility/src/UserInterface/TherapistRole/TherapistWorkAreaJPanel.java</file>
            <file>file:/C:/Users/keert/OneDrive/Desktop/Rehab_Facility%20(6)/Rehab_Facility/src/UserInterface/AdminRole/ManageOrganizationJPanel.java</file>
            <file>file:/C:/Users/keert/OneDrive/Desktop/Rehab_Facility%20(6)/Rehab_Facility/src/Business/Employee/Employee.java</file>
            <file>file:/C:/Users/keert/OneDrive/Desktop/Rehab_Facility%20(6)/Rehab_Facility/src/Business/Network/Network.java</file>
            <file>file:/C:/Users/keert/OneDrive/Desktop/Rehab_Facility%20(6)/Rehab_Facility/src/Business/Role/ExaminerRole.java</file>
            <file>file:/C:/Users/keert/OneDrive/Desktop/Rehab_Facility%20(6)/Rehab_Facility/src/UserInterface/SystemAdminRole/SystemAdminWorkAreaJPanel.java</file>
            <file>file:/C:/Users/keert/OneDrive/Desktop/Rehab_Facility%20(6)/Rehab_Facility/src/UserInterface/ClientRole/ManageReservationJPanel.java</file>
            <file>file:/C:/Users/keert/OneDrive/Desktop/Rehab_Facility%20(6)/Rehab_Facility/src/UserInterface/ClientRole/SearchQuestionJPanel.java</file>
            <file>file:/C:/Users/keert/OneDrive/Desktop/Rehab_Facility%20(6)/Rehab_Facility/src/UserInterface/NPOTherapist/btn%20status.png</file>
            <file>file:/C:/Users/keert/OneDrive/Desktop/Rehab_Facility%20(6)/Rehab_Facility/src/Business/Organization/AssistantOrganization.java</file>
            <file>file:/C:/Users/keert/OneDrive/Desktop/Rehab_Facility%20(6)/Rehab_Facility/src/Business/EcoSystem.java</file>
            <file>file:/C:/Users/keert/OneDrive/Desktop/Rehab_Facility%20(6)/Rehab_Facility/src/UserInterface/ExaminerRole/ScheduleAppointmentsNPO.java</file>
            <file>file:/C:/Users/keert/OneDrive/Desktop/Rehab_Facility%20(6)/Rehab_Facility/src/UserInterface/AdminRole/ManageUserAccountJPanel.java</file>
            <file>file:/C:/Users/keert/OneDrive/Desktop/Rehab_Facility%20(6)/Rehab_Facility/src/Business/Role/SystemAdminRole.java</file>
            <file>file:/C:/Users/keert/OneDrive/Desktop/Rehab_Facility%20(6)/Rehab_Facility/src/Business/Enterprise/IntermediaryEnterprise.java</file>
            <file>file:/C:/Users/keert/OneDrive/Desktop/Rehab_Facility%20(6)/Rehab_Facility/src/UserInterface/SystemAdminRole/TherapistAnalysisJPanel.java</file>
            <file>file:/C:/Users/keert/OneDrive/Desktop/Rehab_Facility%20(6)/Rehab_Facility/src/Business/ScheduleRequest/ScheduleRequestQueue.java</file>
            <file>file:/C:/Users/keert/OneDrive/Desktop/Rehab_Facility%20(6)/Rehab_Facility/src/UserInterface/SystemAdminRole/ManageNetworkJPanel.java</file>
            <file>file:/C:/Users/keert/OneDrive/Desktop/Rehab_Facility%20(6)/Rehab_Facility/src/UserInterface/ExaminerRole/ExaminerWorkAreaJPanel.java</file>
            <file>file:/C:/Users/keert/OneDrive/Desktop/Rehab_Facility%20(6)/Rehab_Facility/src/UserInterface/ClientRole/SendProblemJPanel.java</file>
            <file>file:/C:/Users/keert/OneDrive/Desktop/Rehab_Facility%20(6)/Rehab_Facility/src/Business/UserAccount/UserAccount.java</file>
            <file>file:/C:/Users/keert/OneDrive/Desktop/Rehab_Facility%20(6)/Rehab_Facility/src/UserInterface/ClientRole/ClientWorkAreaJPanel.java</file>
            <file>file:/C:/Users/keert/OneDrive/Desktop/Rehab_Facility%20(6)/Rehab_Facility/src/Business/DB4OUtil/DB4OUtil.java</file>
            <file>file:/C:/Users/keert/OneDrive/Desktop/Rehab_Facility%20(6)/Rehab_Facility/src/Business/Enterprise/EnterpriseDirectory.java</file>
            <file>file:/C:/Users/keert/OneDrive/Desktop/Rehab_Facility%20(6)/Rehab_Facility/src/UserInterface/NPOAdminRole/ManageNPOOrganization.java</file>
            <file>file:/C:/Users/keert/OneDrive/Desktop/Rehab_Facility%20(6)/Rehab_Facility/src/UserInterface/NPOAdminRole/ManageNPOUser.java</file>
            <file>file:/C:/Users/keert/OneDrive/Desktop/Rehab_Facility%20(6)/Rehab_Facility/src/UserInterface/TherapistAdminRole/RehabAdminWorkAreaJPanel.java</file>
            <file>file:/C:/Users/keert/OneDrive/Desktop/Rehab_Facility%20(6)/Rehab_Facility/src/UserInterface/NPOTherapist/ReplyNPOProblemJPanel.java</file>
            <file>file:/C:/Users/keert/OneDrive/Desktop/Rehab_Facility%20(6)/Rehab_Facility/src/Business/Application/Application.java</file>
            <file>file:/C:/Users/keert/OneDrive/Desktop/Rehab_Facility%20(6)/Rehab_Facility/src/UserInterface/MainJFrame.java</file>
            <file>file:/C:/Users/keert/OneDrive/Desktop/Rehab_Facility%20(6)/Rehab_Facility/src/UserInterface/ClientRole/ManageProblemJPanel.java</file>
            <file>file:/C:/Users/keert/OneDrive/Desktop/Rehab_Facility%20(6)/Rehab_Facility/src/UserInterface/TherapistRole/ManageScheduleJPanel.java</file>
            <file>file:/C:/Users/keert/OneDrive/Desktop/Rehab_Facility%20(6)/Rehab_Facility/src/UserInterface/ExaminerRole/ExamineClientsJPanel.java</file>
            <file>file:/C:/Users/keert/OneDrive/Desktop/Rehab_Facility%20(6)/Rehab_Facility/src/UserInterface/ClientRole/ViewAnswerJPanel.java</file>
            <file>file:/C:/Users/keert/OneDrive/Desktop/Rehab_Facility%20(6)/Rehab_Facility/src/UserInterface/TherapistAdminRole/ManageUserAccountJPanel.java</file>
            <file>file:/C:/Users/keert/OneDrive/Desktop/Rehab_Facility%20(6)/Rehab_Facility/src/Business/Role/AssistantRole.java</file>
            <file>file:/C:/Users/keert/OneDrive/Desktop/Rehab_Facility%20(6)/Rehab_Facility/src/Business/Problem/Responded.java</file>
            <file>file:/C:/Users/keert/OneDrive/Desktop/Rehab_Facility%20(6)/Rehab_Facility/src/UserInterface/AssistantRole/AssistantWorkAreaJPanel.java</file>
            <file>file:/C:/Users/keert/OneDrive/Desktop/Rehab_Facility%20(6)/Rehab_Facility/src/Business/DataReader.java</file>
            <file>file:/C:/Users/keert/OneDrive/Desktop/Rehab_Facility%20(6)/Rehab_Facility/src/UserInterface/AssistantRole/ViewScheduleJPanel.java</file>
            <file>file:/C:/Users/keert/OneDrive/Desktop/Rehab_Facility%20(6)/Rehab_Facility/src/UserInterface/AdminRole/InterAdminWorkAreaJPanel.java</file>
            <file>file:/C:/Users/keert/OneDrive/Desktop/Rehab_Facility%20(6)/Rehab_Facility/src/UserInterface/TherapistAdminRole/ManageOrganizationJPanel.java</file>
            <file>file:/C:/Users/keert/OneDrive/Desktop/Rehab_Facility%20(6)/Rehab_Facility/src/Business/ConfigureASystem.java</file>
            <file>file:/C:/Users/keert/OneDrive/Desktop/Rehab_Facility%20(6)/Rehab_Facility/src/UserInterface/AssistantRole/ResolveRequestJPanel.java</file>
            <file>file:/C:/Users/keert/OneDrive/Desktop/Rehab_Facility%20(6)/Rehab_Facility/src/UserInterface/TherapistRole/ReplyProblemJPanel.java</file>
            <file>file:/C:/Users/keert/OneDrive/Desktop/Rehab_Facility%20(6)/Rehab_Facility/src/Business/Enterprise/Enterprise.java</file>
            <file>file:/C:/Users/keert/OneDrive/Desktop/Rehab_Facility%20(6)/Rehab_Facility/src/Business/Role/TherapistRole.java</file>
            <file>file:/C:/Users/keert/OneDrive/Desktop/Rehab_Facility%20(6)/Rehab_Facility/src/UserInterface/SystemAdminRole/ManageEnterpriseAdminJPanel.java</file>
            <file>file:/C:/Users/keert/OneDrive/Desktop/Rehab_Facility%20(6)/Rehab_Facility/src/UserInterface/TherapistRole/ViewScheduleJPanel.java</file>
            <file>file:/C:/Users/keert/OneDrive/Desktop/Rehab_Facility%20(6)/Rehab_Facility/src/UserInterface/NPOAdminRole/NPOAdminWorkAreaJPanel.java</file>
            <file>file:/C:/Users/keert/OneDrive/Desktop/Rehab_Facility%20(6)/Rehab_Facility/src/UserInterface/AssistantRole/ShowScheduleJPanel.java</file>
            <file>file:/C:/Users/keert/OneDrive/Desktop/Rehab_Facility%20(6)/Rehab_Facility/src/Business/Role/AdminRole.java</file>
            <file>file:/C:/Users/keert/OneDrive/Desktop/Rehab_Facility%20(6)/Rehab_Facility/src/Business/Organization/ExaminerOrganization.java</file>
            <file>file:/C:/Users/keert/OneDrive/Desktop/Rehab_Facility%20(6)/Rehab_Facility/src/Business/Role/ClientRole.java</file>
            <file>file:/C:/Users/keert/OneDrive/Desktop/Rehab_Facility%20(6)/Rehab_Facility/src/Business/Problem/Problem.java</file>
            <file>file:/C:/Users/keert/OneDrive/Desktop/Rehab_Facility%20(6)/Rehab_Facility/src/UserInterface/AssistantRole/ManageSchedulesJPanel.java</file>
            <file>file:/C:/Users/keert/OneDrive/Desktop/Rehab_Facility%20(6)/Rehab_Facility/src/UserInterface/NPOTherapist/NPOTherapistWorkAreaJPanel.java</file>
            <file>file:/C:/Users/keert/OneDrive/Desktop/Rehab_Facility%20(6)/Rehab_Facility/src/Business/Employee/EmployeeDirectory.java</file>
            <file>file:/C:/Users/keert/OneDrive/Desktop/Rehab_Facility%20(6)/Rehab_Facility/src/UserInterface/SystemAdminRole/ManageEnterpriseJPanel.java</file>
            <file>file:/C:/Users/keert/OneDrive/Desktop/Rehab_Facility%20(6)/Rehab_Facility/src/UserInterface/ClientRole/RetrieveTherapistJPanel.java</file>
            <file>file:/C:/Users/keert/OneDrive/Desktop/Rehab_Facility%20(6)/Rehab_Facility/src/UserInterface/ClientRole/CommunicateWithNPOTherapist.java</file>
            <file>file:/C:/Users/keert/OneDrive/Desktop/Rehab_Facility%20(6)/Rehab_Facility/src/UserInterface/ClientRole/UpdateApplicationJPanel.java</file>
            <file>file:/C:/Users/keert/OneDrive/Desktop/Rehab_Facility%20(6)/Rehab_Facility/src/Business/Organization/ClientOrganization.java</file>
            <file>file:/C:/Users/keert/OneDrive/Desktop/Rehab_Facility%20(6)/Rehab_Facility/src/UserInterface/ClientRole/ApplyForNPOJPanel.java</file>
            <file>file:/C:/Users/keert/OneDrive/Desktop/Rehab_Facility%20(6)/Rehab_Facility/src/UserInterface/TherapistRole/RequestChangeJPanel.java</file>
            <file>file:/C:/Users/keert/OneDrive/Desktop/Rehab_Facility%20(6)/Rehab_Facility/src/UserInterface/NPOAdminRole/ManageNPOEmployeeJPanel.java</file>
            <file>file:/C:/Users/keert/OneDrive/Desktop/Rehab_Facility%20(6)/Rehab_Facility/src/Business/ScheduleRequest/ScheduleRequest.java</file>
            <file>file:/C:/Users/keert/OneDrive/Desktop/Rehab_Facility%20(6)/Rehab_Facility/src/UserInterface/AssistantRole/ViewTherapistScheduleJPanel.java</file>
            <file>file:/C:/Users/keert/OneDrive/Desktop/Rehab_Facility%20(6)/Rehab_Facility/src/UserInterface/ClientRole/ViewProblemJPanel.java</file>
            <file>file:/C:/Users/keert/OneDrive/Desktop/Rehab_Facility%20(6)/Rehab_Facility/src/UserInterface/AssistantRole/ManageRequestJPanel.java</file>
            <file>file:/C:/Users/keert/OneDrive/Desktop/Rehab_Facility%20(6)/Rehab_Facility/src/Business/ScheduleRequest/ScheduleRequestResolved.java</file>
        </group>
    </open-files>
</project-private>
